	0	0	0
0	2607 reviews	$$	146 BroadwayBrooklyn, NY 11211
1	1534 reviews	$$	200 W 44th StNew York, NY 10036
2	258 reviews	$	147 W 43rd StNew York, NY 10036
3	616 reviews	$$	229 W 43rd StNew York, NY 10036
4	104 reviews	$$	141 W 41st StNew York, NY 10036
5	3087 reviews	$$	132 W 43rd StNew York, NY 10036
6	1600 reviews	$$	1515 BroadwayNew York, NY 10036
7	1513 reviews	$$	254 W 47th StNew York, NY 10036
8	8 reviews	$	403 W 43rd StNew York, NY 10036
9	840 reviews	$$	316 W 36th StNew York, NY 10018
10	748 reviews	$$	204 W 55th StNew York, NY 10019
11	9 reviews	$	146 BroadwayBrooklyn, NY 11211
12	1196 reviews	$	1501 BroadwayNew York, NY 10036
13	1234 reviews	$$	24 W 45th StNew York, NY 10036
14	13 reviews	$	273 W 38th StNew York, NY 10018
15	8578 reviews	$$	145 West 44th StNew York, NY 10036
16	195 reviews	$$	W 53rd St 6th AveNew York, NY 10019
17	10 reviews	$$	136 W 42nd StNew York, NY 10036
18	883 reviews	$$	19 W 52nd StNew York, NY 10103
19	623 reviews	$$	64 W 39th StNew York, NY 10018
20	1526 reviews	$$	1501 BroadwayNew York, NY 10036
21	681 reviews	$$	146 BroadwayBrooklyn, NY 11211
22	293 reviews	$	53 W 35th StNew York, NY 10001
23	1412 reviews	$	34 W 35th StNew York, NY 10001
24	599 reviews	$$	252 W 37th StNew York, NY 10018
25	1246 reviews	$	647 9th AveNew York, NY 10036
26	10 reviews	$$	136 W 46th StNew York, NY 10036
27	2843 reviews	$$	231 W 46th StNew York, NY 10036
28	122 reviews	$$	811 8th AveNew York, NY 10019
29	1046 reviews	$	321 W 51st StNew York, NY 10019
30	661 reviews	$$	606 8th AveNew York, NY 10018
31	156 reviews	$$	249 W 49th StNew York, NY 10019
32	1214 reviews	$$	146 BroadwayBrooklyn, NY 11211
33	2017 reviews	$	7 Times SquareNew York, NY 10036
34	504 reviews	$	356 W 44th StNew York, NY 10036
35	854 reviews	$	49 W 39th StNew York, NY 10018
36	1788 reviews	$$	766 9th AveNew York, NY 10019
37	69 reviews	$$	334 W 46th StNew York, NY 10036
38	130 reviews	$$	43 W 46th StNew York, NY 10036
39	603 reviews	$$	225 W 35th StNew York, NY 10001
40	2 reviews	$$	1435 BroadwayNew York, NY 10018
41	337 reviews	$$	302 W 37th StNew York, NY 10018
42	16 reviews	$	246 W 38th StNew York, NY 10018
43	1469 reviews	$	4408 3rd AveBrooklyn, NY 11220
44	1578 reviews	$$	110 W 40th StNew York, NY 10018
45	12 reviews	$$	1 Rockefeller PlzNew York, NY 10020
46	15 reviews	$$	132 W 31st StNew York, NY 10001
47	123 reviews	$	152 W 49th StNew York, NY 10019
48	944 reviews	$$	485 7th AvenueNew York, NY 10016
49	1902 reviews	$$	5 Times SqNew York, NY 10036
50	495 reviews	$$	38 W 39th StNew York, NY 10018
51	399 reviews	$$	604 10th AveNew York, NY 10036
52	1246 reviews	$$	127 W 43rd StNew York, NY 10036
53	276 reviews	$$	146 BroadwayBrooklyn, NY 11211
54	385 reviews	$	255 W 43rd StNew York, NY 10036
55	284 reviews	$$	152 W 44th StNew York, NY 10036
56	408 reviews	$$	145 W 45th StNew York, NY 10036
57	1530 reviews	$$	700 8th Ave at 44th StNew York, NY 10036
58	2271 reviews	$$	38 W 36th StNew York, NY 10018
59	54 reviews	$$	211 W 43rd StNew York, NY 10036
60	11 reviews	$$	63 W 37th StNew York, NY 10018
61	299 reviews	$$	12 W 32nd StNew York, NY 10001
62	13 reviews	$$	206 W 41st StNew York, NY 10036
63	1459 reviews	$$	11 W 32nd StNew York, NY 10001
64	794 reviews	$$	146 BroadwayBrooklyn, NY 11211
65	120 reviews	$$	600 9th AveNew York, NY 10036
66	428 reviews	$$	151 W 46th StNew York, NY 10036
67	2719 reviews	$$	9 W 32nd StNew York, NY 10001
68	932 reviews	$$	700 8th AveNew York, NY 10036
69	563 reviews	$$$$	155 W 43rd StNew York, NY 10036
70	842 reviews	$$	691 8th AveNew York, NY 10036
71	227 reviews	$$	321 W 44th StNew York, NY 10036
72	201 reviews	$$	229 W 43rd StNew York, NY 10036
73	720 reviews	$$	39 W 46th StNew York, NY 10036
74	97 reviews	$	146 BroadwayBrooklyn, NY 11211
75	639 reviews	$$$	661 9th AveNew York, NY 10036
76	557 reviews	$$	144 West 37th StNew York, NY 10018
77	21 reviews	$$	135 W 42nd StNew York, NY 10036
78	311 reviews	$$	248 W 55th StNew York, NY 10019
79	105 reviews	$$	352 W 39th StNew York, NY 10018
80	347 reviews	$$	245 W 38th StNew York, NY 10018
81	2 reviews	$$	354 E 66th StNew York, NY 10065
82	192 reviews	$$	237 W 35th StNew York, NY 10001
83	1599 reviews	$$	70 W 39th StNew York, NY 10018
84	17 reviews	$$	142 W 44th StNew York, NY 10036
85	115 reviews	$$	4408 3rd AveBrooklyn, NY 11220
86	222 reviews	$$	675 9th AveNew York, NY 10036
87	219 reviews	$$	260 W 44th StNew York, NY 10036
88	378 reviews	$$	285 Madison AveNew York, NY 10017
89	247 reviews	$$	3 Times SqNew York, NY 10036
90	730 reviews	$$	Two Times Square, 714 Seventh Avenue at W. 48th StreetNew York, NY 10036
91	1554 reviews	$$	679 9th AveNew York, NY 10036
92	97 reviews	$$	504 W 42nd StNew York, NY 10036
93	1251 reviews	$$	45 W 39th StNew York, NY 10018
94	100 reviews	$$	370 W 51st StNew York, NY 10019
95	1014 reviews	$$	20W 33rd StNew York, NY 10001
96	3 reviews	$	146 BroadwayBrooklyn, NY 11211
97	543 reviews	$$$$	58 W 38th StNew York, NY 10018
98	988 reviews	$$	220 W 44th StNew York, NY 10036
99	579 reviews	$$	321 W 42nd StNew York, NY 10036
100	689 reviews	$$	675 8th AveNew York, NY 10036
101	790 reviews	$$	25 E 26th StNew York, NY 10010
102	4507 reviews	$$$	99 Park AveNew York, NY 10016
103	261 reviews	$$	22 W 32nd StNew York, NY 10001
104	243 reviews	$$	370 W 51st StNew York, NY 10019
105	565 reviews	$	311 W 48th StNew York, NY 10036
106	3837 reviews	$$	325 W 42nd StNew York, NY 10036
107	503 reviews	$$	146 BroadwayBrooklyn, NY 11211
108	246 reviews	$$	366 W 52nd StNew York, NY 10019
109	47 reviews	$	616 8th AveNew York, NY 10018
110	591 reviews	$$$	125 W 44th StNew York, NY 10036
111	127 reviews	$$	688 10th AveNew York, NY 10019
112	99 reviews	$$	39 W 19th StNew York, NY 10011
113	589 reviews	$$	807 8th AveNew York, NY 10019
114	300 reviews	$	120 W 44th StNew York, NY 10036
115	476 reviews	$$	132 W 47th StNew York, NY 10036
116	51 reviews	$$	480 9th AveNew York, NY 10018
117	18 reviews	$$	156 W 44th StNew York, NY 10036
118	895 reviews	$$	146 BroadwayBrooklyn, NY 11211
119	964 reviews	$$	274 W 40th StNew York, NY 10018
120	87 reviews	$$	628 10th AveNew York, NY 10036
121	450 reviews	$	150 W 36 streetNew York, NY 10018
122	593 reviews	$$	230 Park AveNew York, NY 10169
123	373 reviews	$$	250 W 43rd StNew York, NY 10036
124	577 reviews	$$	120 W 41st StNew York, NY 10036
125	1152 reviews	$$	13 E 37th StNew York, NY 10016
126	1438 reviews	$	342 Lexington AveNew York, NY 10016
127	44 reviews	$	470 W 42nd StNew York, NY 10036
128	995 reviews	$$	14 E 34th StNew York, NY 10016
129	394 reviews	$$	146 BroadwayBrooklyn, NY 11211
130	157 reviews	$$	373 W 46th StNew York, NY 10036
131	240 reviews	$$	23 W 45th StNew York, NY 10036
132	159 reviews	$$	245 W 51st StNew York, NY 10019
133	163 reviews	$$	167 E 33rd StNew York, NY 10016
134	36 reviews	$	5W 32nd StNew York, NY 10001
135	236 reviews	$	144 W 46th StNew York, NY 10036
136	70 reviews	$$	18 E 41st StNew York, NY 10017
137	154 reviews	$$	135 W 50th StNew York, NY 10020
138	1703 reviews	$$	644 10th AveNew York, NY 10036
139	63 reviews	$$	360 W 42nd StreetNew York, NY 10036
140	612 reviews	$$$$	146 BroadwayBrooklyn, NY 11211
141	1372 reviews	$	243 W 38th StNew York, NY 10018
142	133 reviews	$$	49th & 6thNew York, NY 10019
143	360 reviews	$$	273 W 38th StNew York, NY 10018
144	478 reviews	$$	1440 BroadwayNew York, NY 10018
145	60 reviews	$$	263 W 30th StNew York, NY 10001
146	443 reviews	$$	1065 Ave Of The AmericasNew York, NY 10018
147	2217 reviews	$$	956 2nd AveNew York, NY 10022
148	25 reviews	$$	701 9th AveNew York, NY 10019
149	248 reviews	$	488 9th AveNew York, NY 10018
150	377 reviews	$$	413 8th AveNew York, NY 10001
151	7 reviews	$$$	146 BroadwayBrooklyn, NY 11211
152	9 reviews	$$	683 8th AveNew York, NY 10018
153	1809 reviews	$$	450 10th AveNew York, NY 10018
154	556 reviews	$	5 Times Square Nyc/5New York, NY 10036
155	317 reviews	$	119 W 40th StNew York, NY 10018
156	688 reviews	$$	123 W 44th StNew York, NY 10036
157	927 reviews	$$	1221 Ave Of The AmericasNew York, NY 10020
158	1000 reviews	$$	14 E 37th StNew York, NY 10016
159	2255 reviews	$$	20 W 46th StNew York, NY 10036
160	924 reviews	$$	691 10th AveNew York, NY 10036
161	465 reviews	$$	1412 BroadwayNew York, NY 10018
162	32 reviews	$$	146 BroadwayBrooklyn, NY 11211
163	6 reviews	$$	120 E 34th St New York Ny 10016New York, NY 10016
164	328 reviews	$$	22 W 8th StNew York, NY 10011
165	282 reviews	$$$	456 9th AveNew York, NY 10018
166	100 reviews	$	10 E 39th StNew York, NY 10016
167	8 reviews	$$	17 E 31st StNew York, NY 10016
168	224 reviews	$$	627 9th AveNew York, NY 10036
169	735 reviews	$$	58 W 56th StNew York, NY 10019
170	346 reviews	$$	355 W 46th StNew York, NY 10036
171	58 reviews	$$	5 E 19th StNew York, NY 10003
172	257 reviews	$$	409 8th AveNew York, NY 10001
173	698 reviews	$$	146 BroadwayBrooklyn, NY 11211
174	364 reviews	$	570 8th AveNew York, NY 10018
175	254 reviews	$$	570 8th AveNew York, NY 10018
176	740 reviews	$$$$	43 W 39th StNew York, NY 10018
177	70 reviews	$$	121 W 45th StNew York, NY 10036
178	117 reviews	$	42 West 48th StNew York, NY 10036
179	211 reviews	$$	29 A Clinton StNew York, NY 10002
180	6 reviews	$$	11 W 51st StNew York, NY 10019
181	311 reviews	$$	32 W 33rd StNew York, NY 10001
182	466 reviews	$$	585 7th AveNew York, NY 10036
183	323 reviews	$$	68 W 39th StNew York, NY 10018
184	2017 reviews	$$	146 BroadwayBrooklyn, NY 11211
185	2578 reviews	$	754 9th AveNew York, NY 10019
186	140 reviews	$	4 E 46th StNew York, NY 10017
187	1329 reviews	$$	65 W 37th StNew York, NY 10018
188	163 reviews	$$	235 W 35th StNew York, NY 10001
189	816 reviews	$$	150 E 46th StNew York, NY 10017
190	164 reviews	$$	856 8th AveNew York, NY 10019
191	677 reviews	$$	228 W 39th StNew York, NY 10018
192	801 reviews	$$	37 W 54th StNew York, NY 10019
193	166 reviews	$$	360 W 46th StNew York, NY 10036
194	6 reviews	$	123 W 45th StNew York, NY 10036
195	1450 reviews	$	146 BroadwayBrooklyn, NY 11211
196	144 reviews	$	326 W 47th StNew York, NY 10036
197	23 reviews	$$	242 W 49th StNew York, NY 10019
198	302 reviews	$$	155 W 51st StNew York, NY 10019
199	458 reviews	$$$	509 Amsterdam AveNew York, NY 10024
200	114 reviews	$$	1114 6th AveNew York, NY 10036
201	224 reviews	$$	241 W 42nd StNew York, NY 10036
202	1936 reviews	$$$	234 W 48th StNew York, NY 10036
203	54 reviews	$	3 E 36th StNew York, NY 10016
204	28 reviews		211 E 43rd StNew York, NY 10017
205	274 reviews		146 BroadwayBrooklyn, NY 11211
206	630 reviews		620 8th AveNew York, NY 10018
207	1495 reviews		449 W 51st StNew York, NY 10019
208	576 reviews		163 W 48th StNew York, NY 10036
209	280 reviews		95 1st AveNew York, NY 10003
210	648 reviews		607 10th AveNew York, NY 10036
211	274 reviews		24 W 46th StNew York, NY 10036
212			326 W 46th StNew York, NY 10036
213			125 W 43rd StNew York, NY 10036
214			134 West 37th StNew York, NY 10018
215			120 W 44th StNew York, NY 10036
216			146 BroadwayBrooklyn, NY 11211
217			144B W 37th StNew York, NY 10018
218			42ND St And Sixth AveNew York, NY 10036
219			547 9th AveNew York, NY 10018
220			251 W 50th StNew York, NY 10012
221			357 W 44th StNew York, NY 10036
222			24 E 39th StNew York, NY 10016
223			70 W 45th StNew York, NY 10036
224			760 8th AveNew York, NY 10036
